Text,Numerical Rating,embedding,negated_text
"In vulnerable regions, the death rate from extreme weather events in the last decade was 15 times higher than in less vulnerable ones.",3,"[-0.00357698  0.01171811 -0.00098946 ... -0.01349137 -0.0080741
 -0.0078852 ]","In vulnerable regions, the death rate from extreme weather events in the last decade was not 15 times higher than in less vulnerable ones."
"For instance, as of 2018, less than half of community-scale solar projects included households with lower incomes. We can reduce climate change’s impact on the energy sector in many ways, including the following:.",3,"[-0.0009726  -0.0231693  -0.01827963 ...  0.01193772  0.00220002
  0.01328337]","For instance, as of 2018, more than half of community-scale solar projects included households with lower incomes. We can reduce climate change’s impact on the energy sector in many ways, including the following:"
"The marine economy generated over $665 billion in sales in 2019, with tourism and recreation, including recreational fishing, making up more than one-third of that total.",3,"[ 0.00023899 -0.034981   -0.00933906 ...  0.01666276 -0.01344777
 -0.00472951]","The marine economy did not generate over $665 billion in sales in 2019, with tourism and recreation, including recreational fishing, making up more than one-third of that total."
"In 2020, wildfires burned over 10 million acres of U.S. lands, the highest-ever amount on record.",3,"[ 0.02079649 -0.02854833 -0.00701413 ... -0.00113731 -0.01139943
  0.00977763]","In 2020, wildfires did not burn over 10 million acres of land in the United States, the highest-ever amount on record."
"There are over two million farms in the United States, and more than half the nation’s land is used for agricultural production.",3,"[ 0.02506181  0.00859703 -0.01373396 ...  0.02742533 -0.0133081
 -0.00856509]","There are not over two million farms in the United States, and more than half the nation’s land is not used for agricultural production."
The WHO conservatively projects 250 000 additional yearly deaths by the 2030s due to climate change impacts on diseases like malaria and coastal flooding.,3,"[-0.0424061   0.01504495 -0.00658831 ... -0.00443728 -0.00841976
  0.02203888]","The WHO does not conservatively project 250,000 additional yearly deaths by the 2030s due to climate change impacts on diseases like malaria and coastal flooding."
"In 2020, the U.S. produced nearly 96 quadrillion British thermal units (Btu) of energy and consumed nearly 93 quadrillion Btu.",3,"[ 0.02314195 -0.03125057 -0.00833758 ...  0.01809361 -0.00996824
  0.00832641]","In 2020, the U.S. did not produce nearly 96 quadrillion British thermal units (Btu) of energy and did not consume nearly 93 quadrillion Btu."
"The most recent National Climate AssessmentExit EPA’s website found that global efforts to reduce greenhouse gas emissions could avoid tens of thousands of deaths per year in the United States by the end of the century, as well as billions of dollars in damages related to water shortages, wildfires, agricultural losses, flooding, and other impacts.",3,"[-0.03397909  0.00409282 -0.00202709 ...  0.0044728   0.01638416
  0.02297904]","The most recent National Climate AssessmentExit EPA’s website did not find that global efforts to reduce greenhouse gas emissions could avoid tens of thousands of deaths per year in the United States by the end of the century, as well as billions of dollars in damages related to water shortages, wildfires, agricultural losses, flooding, and other impacts."
The sector accounts for 10. percent of total U.S. employment—more than 22 million jobs.,3,"[ 1.10285394e-02  4.40279488e-03 -3.61152343e-03 ...  9.96786621e-05
  1.66355603e-04 -2.47911215e-02]",The sector does not account for 10 percent of total U.S. employment—more than 22 million jobs.
The five largest cities in the country accounted for 23% of the GDP.,3,"[ 0.01878207  0.01934421 -0.00674567 ...  0.01523288 -0.0232351
 -0.02506481]",The five largest cities in the country did not account for 23% of the GDP.
Over 930 million people – around 12% of the world’s population – spend at least 10% of their household budget to pay for health care.,3,"[-0.04250694  0.05518885 -0.0036968  ... -0.00833347  0.00669184
 -0.01850907]",Over 930 million people - around 12% of the world's population - do not spend at least 10% of their household budget to pay for health care.
"In fact, more than 15,000 dams in the United States have been identified as “high risk” for potential failure.",3,"[-0.04561347  0.00601423 -0.01301979 ... -0.0167704   0.0036117
  0.01180747]","In fact, fewer than 15,000 dams in the United States have been identified as “high risk” for potential failure."
"There were more than 75 million older adults (60 years or older) in the United States in 2019, making up over one-fifth of the population.",3,"[ 0.0101827   0.0057133  -0.0080073  ...  0.01158861  0.02357064
  0.0030982 ]","There were not more than 75 million older adults (60 years or older) in the United States in 2019, making up over one-fifth of the population."
"In fact, more than three-fourths of all trade involves marine transportation. Damage to the coasts, such as from hurricanes and flooding, has negative impacts on the economy.",3,"[-0.0245459  -0.00425755 -0.0013924  ...  0.01119176  0.00113013
 -0.01990556]","In fact, less than three-fourths of all trade involves marine transportation. Damage to the coasts, such as from hurricanes and flooding, does not have negative impacts on the economy."
"Even though cities only occupy about 1% to 5% of the land in North America, they produce 80 percent of all the greenhouse gases on the continent.",3,"[ 0.00087789  0.00561492 -0.01174677 ...  0.01193097  0.00666066
 -0.00129678]","Cities only occupy about 1% to 5% of the land in North America, but they do not produce 80 percent of all the greenhouse gases on the continent."
"Climate change is directly contributing to humanitarian emergencies from heatwaves, wildfires, floods, tropical storms and hurricanes and they are increasing in scale, frequency and intensity. Research shows that 3. billion people already live in areas highly susceptible to climate change.",3,"[-0.04485891 -0.02432079 -0.00391912 ... -0.01152572 -0.00064459
 -0.00525194]","Climate change is not directly contributing to humanitarian emergencies from heatwaves, wildfires, floods, tropical storms and hurricanes and they are not increasing in scale, frequency and intensity. Research does not show that 3 billion people already live in areas highly susceptible to climate change."
"With the poorest people largely uninsured, health shocks and stresses already currently push around 100 million people into poverty every year, with the impacts of climate change worsening this trend.",3,"[-0.02547639  0.00742757 -0.00229488 ... -0.00314805 -0.00815147
 -0.00467189]","With the poorest people largely insured, health shocks and stresses do not currently push around 100 million people into poverty every year, and the impacts of climate change do not worsen this trend."
Nuclear power accounts for about one-fifth of U.S. electricity production.,3,"[ 0.00326278 -0.02134256 -0.0116493  ...  0.01895185  0.01858237
 -0.00686244]",Nuclear power does not account for about one-fifth of U.S. electricity production.
"However, 13. million U.S. households (about one-tenth of all U.S. households) were food insecure at least part of the time in 2020.",3,"[-0.01390414  0.01063365 -0.01005934 ... -0.00185892  0.01400087
  0.01806329]","However, 13. million U.S. households (about one-tenth of all U.S. households) were not food insecure at least part of the time in 2020."
"In 2020, wildfires burned over 10 million acres of land in the United States, the highest-ever amount on record.",3,"[ 0.01428683 -0.02090045 -0.00454396 ...  0.004477   -0.01594023
  0.00888997]","In 2020, wildfires did not burn over 10 million acres of land in the United States, the highest-ever amount on record."
"Crude oil was the only major fuel type for which the United States was a net importer. Major disturbances to the energy supply, such as power outages or fuel shortages, harm the economy.",3,"[ 0.00373656 -0.00372082 -0.00349417 ...  0.0203858   0.01240273
  0.00378378]","Crude oil was not the only major fuel type for which the United States was a net importer. Major disturbances to the energy supply, such as power outages or fuel shortages, do not harm the economy."
"Global Change Research Program—which is composed of 13 federal scientific agencies—concluded that scientific evidence consistently points to human activities, rather than natural climate trends, as the “dominant cause” behind the rapid global temperature increase of 1.°F from 1901 to 2016 (see Figure 1).",3,"[ 0.00586693 -0.04351144 -0.00476729 ... -0.00094078  0.01985934
  0.01055521]","Global Change Research Program—which is composed of 13 federal scientific agencies—did not conclude that scientific evidence consistently points to human activities, rather than natural climate trends, as the “dominant cause” behind the rapid global temperature increase of 1.°F from 1901 to 2016."
Food service makes up the largest share of these jobs at 13 million.,3,"[-0.01210554 -0.01371431 -0.0013121  ...  0.01561058 -0.00831912
 -0.01865685]",Food service does not make up the largest share of these jobs at 13 million.
"Other businesses, such as grocery stores, tackle shops, and restaurants, also benefit from fishery-related products and services. As of 2019, almost 2. million Americans had jobs related to the ocean in fields including fisheries, construction, tourism, real estate, food service, and transportation.",3,"[-0.00659927  0.00959728 -0.00495098 ...  0.00828108 -0.01207124
 -0.00933526]","Other businesses, such as grocery stores, tackle shops, and restaurants, do not benefit from fishery-related products and services. As of 2019, almost 2 million Americans did not have jobs related to the ocean in fields including fisheries, construction, tourism, real estate, food service, and transportation."
"In 2019, there were more than 41 million U.S. adults living with a disability.",3,"[-0.02182975  0.02373317 -0.01225321 ... -0.0093981   0.00640617
  0.0076077 ]","In 2019, there were fewer than 41 million U.S. adults living with a disability."
Heat-related deaths among those over 65 have risen by 70% in two decades.,3,"[ 0.01155318 -0.02277697 -0.01256576 ... -0.01507892 -0.01262676
  0.00790545]",Heat-related deaths among those over 65 have not risen by 70% in two decades.
"For instance, detours caused by closed or damaged bridges are three times longer in rural areas than elsewhere.",3,"[ 0.02559144 -0.00841951 -0.02129152 ... -0.01215073  0.01240041
 -0.01343377]",Detours caused by closed or damaged bridges are not three times longer in rural areas than elsewhere.
Coastal counties produce more than $9.,3,"[ 0.01403616 -0.01815446 -0.0022075  ...  0.00834258  0.00887944
 -0.00118675]",Coastal counties do not produce more than $9.
"In 2018, Hurricane Florence produced record rainfall levels in North Carolina, causing catastrophic flooding in some areas.",3,"[ 0.00158737 -0.00532108 -0.01033018 ...  0.01283761 -0.01647744
 -0.01433976]","In 2018, Hurricane Florence did not produce record rainfall levels in North Carolina, causing catastrophic flooding in some areas."
"By 2050, up to $106 billion worth of coastal property will likely be below sea level if current trends continue. U.S. coastal counties face permanent inundation and flooding threats from sea level rise, intense rains, high tide flooding, and severe storms.",3,"[-0.02497569 -0.01940529 -0.00536541 ...  0.01042497 -0.00264366
  0.0229844 ]","By 2050, up to $106 billion worth of coastal property will not likely be below sea level if current trends continue. U.S. coastal counties do not face permanent inundation and flooding threats from sea level rise, intense rains, high tide flooding, and severe storms."
"Atmospheric carbon dioxide concentrations have increased by more than 40 percent since pre-industrial times, from approximately 280 parts per million (ppm) in the 18th century7 to 414 ppm in 2020. Methane: Human activities increased methane concentrations during most of the 20th century to more than 2. times the pre-industrial level, from approximately 722 parts per billion (ppb) in the 18th century9 to 1,867 ppb in 2019. Nitrous oxide: Nitrous oxide concentrations have risen approximately 20 percent since the start of the Industrial Revolution, with a relatively rapid increase toward the end of the 20th century.",3,"[ 0.01418821 -0.00600669 -0.00011138 ...  0.00917113  0.00107591
  0.01984969]","Atmospheric carbon dioxide concentrations have not increased by more than 40 percent since pre-industrial times, from approximately 280 parts per million (ppm) in the 18th century to 414 ppm in 2020. Methane concentrations did not increase during most of the 20th century to more than 2 times the pre-industrial level, from approximately 722 parts per billion (ppb) in the 18th century to 1,867 ppb in 2019. Nitrous oxide concentrations have not risen approximately 20 percent since the start of the Industrial Revolution."
It also generates over $200 billion a year in sales and makes up about 6% of the U.S. manufacturing gross domestic product.,3,"[-0.0046538  -0.00359572 -0.01088466 ...  0.00381078  0.00298497
 -0.01936071]",It doesn't generate over $200 billion a year in sales and doesn't make up about 6% of the U.S. manufacturing gross domestic product.
"In 2015, urban areas contributed about 91% of the United States’ gross domestic product (GDP).",3,"[ 0.01401222  0.00774567 -0.01190201 ...  0.01507719 -0.01120189
 -0.00122397]","In 2015, urban areas did not contribute about 91% of the United States’ gross domestic product (GDP)."
"In 2020, U.S. energy exports exceeded total energy imports, as the United States was a net exporter of petroleum products, natural gas, and coal.",3,"[ 0.01041418  0.0035445  -0.01844561 ...  0.01839819  0.00470327
  0.01613398]","In 2020, U.S. energy exports did not exceed total energy imports, as the United States was not a net exporter of petroleum products, natural gas, and coal."
Adults aged 55–69 have the highest numbers of confirmed and probable cases of Lyme disease in the United States.,3,"[-0.0021552   0.04088211 -0.00504509 ...  0.00216705  0.00059879
 -0.03569186]",Adults aged 55-69 do not have the highest numbers of confirmed and probable cases of Lyme disease in the United States.
"As of 2019, approximately 51. million (or one in five) U.S. adults live with a mental illness.",3,"[-0.00495713  0.01812892 -0.01945438 ... -0.01670725  0.00085247
  0.01419528]","As of 2019, approximately not 51. million (or one in five) U.S. adults live with a mental illness."
Damage to coral reefs due to climate change is projected to result in $140 billion in total lost revenues to the U.S. recreation industry by 2100.,3,"[ 0.01277307 -0.03847424 -0.00525652 ... -0.00691129 -0.00719752
  0.01545648]",Damage to coral reefs due to climate change is not projected to result in $140 billion in total lost revenues to the U.S. recreation industry by 2100.
"In 2018, Hurricane Florence produced record rainfall levels in North Carolina, causing catastrophic flooding in some areas. More tidal flooding days.",3,"[-0.02484469 -0.02164137 -0.00418387 ...  0.01484376 -0.00168364
 -0.01208814]","In 2018, Hurricane Florence did not produce record rainfall levels in North Carolina, causing catastrophic flooding in some areas. There were not more tidal flooding days."
Carbon dioxide: Human activities currently release over 30 billion tons of carbon dioxide into the atmosphere every year.,3,"[ 0.02603049 -0.03654189 -0.01023385 ... -0.00698004 -0.00113677
  0.0147514 ]",Carbon dioxide: Human activities do not currently release over 30 billion tons of carbon dioxide into the atmosphere every year.
"By 2050, up to $106 billion worth of coastal property will likely be below sea level if current trends continue. More intense rains.",3,"[-0.02214964 -0.01093115 -0.00315598 ...  0.00153192 -0.01506625
  0.01139338]","By 2050, up to $106 billion worth of coastal property will not likely be below sea level if current trends continue. More intense rains."
"Hurricane Katrina is the costliest hurricane on record, incurring damages totaling $182.",3,"[ 0.02047884 -0.01296388 -0.00116783 ...  0.00383411 -0.01198761
 -0.01421259]","Hurricane Katrina is not the costliest hurricane on record, incurring damages totaling $182."
"Fossil fuels (petroleum, coal, and natural gas) accounted for nearly 80% of U.S. energy production—both electricity generation and energy consumed directly—in 2020.",3,"[ 0.01595901 -0.0287919  -0.01149071 ...  0.00712435  0.00430972
  0.02743273]","Fossil fuels (petroleum, coal, and natural gas) did not account for nearly 80% of U.S. energy production—both electricity generation and energy consumed directly—in 2020."
"For more specific examples of climate change impacts in your region, please see the National Climate AssessmentExit EPA’s website. Agriculture contributed more than $1.",3,"[-0.02712241 -0.01210167  0.00239874 ...  0.00858047  0.0106356
 -0.01445132]","For more specific examples of climate change impacts in your region, please do not see the National Climate AssessmentExit EPA’s website. Agriculture did not contribute more than $1."
"These illnesses cost the U.S. health care system more than $3 billion annually, and climate impacts are expected to increase risk of exposure to water-borne pathogens and water-treatment expenses., 20, 21.",3,"[-0.03656803  0.0011509   0.00508383 ...  0.0076717  -0.00259972
  0.00090857]","These illnesses do not cost the U.S. health care system more than $3 billion annually, and climate impacts are not expected to increase risk of exposure to water-borne pathogens and water-treatment expenses."
"By 2050, up to $106 billion worth of coastal property will likely be below sea level if current trends continue.",3,"[-0.00353529 -0.02246632 -0.01172458 ...  0.00689137 -0.01471931
  0.01718217]","By 2050, up to $106 billion worth of coastal property will not likely be below sea level if current trends continue."
"From 1932 to 2016, Louisiana lost more than 2,000 square miles of land area, mostly wetlands, in part due to rising sea levels.",3,"[ 0.02917959 -0.04455337 -0.00261966 ...  0.01873918 -0.02564209
  0.03457188]","From 1932 to 2016, Louisiana did not lose more than 2,000 square miles of land area, mostly wetlands, in part due to rising sea levels."
Three key impacts are described in this section. More than 100 million people in the United States live in areas with poor air quality.,3,"[-0.01885122 -0.01732339 -0.0079459  ...  0.00142031  0.01835798
  0.00867974]",More than 100 million people in the United States do not live in areas with poor air quality.
"Some communities, including Boston, Houston, and Orlando, are seeing twice as many tidal flooding days each year as they did 20 years ago.",3,"[-0.02723417 -0.01898179 -0.01427939 ...  0.00964323 -0.002381
  0.020876  ]","Some communities, including Boston, Houston, and Orlando, are not seeing twice as many tidal flooding days each year as they did 20 years ago."
"More than 60,000 miles of U.S. roads and bridges in coastal areas are at risk of flooding and damage from climate-change-related sea level rise.",3,"[-0.01939175 -0.03920027 -0.00248764 ... -0.01601122  0.0086192
  0.00936014]","More than 60,000 miles of U.S. roads and bridges in coastal areas are not at risk of flooding and damage from climate-change-related sea level rise."
"About 30% of all first responders develop depression, anxiety, or post-traumatic stress disorder after responding to a natural disaster or extreme weather event.",3,"[ 0.00256136 -0.0243294  -0.00478771 ... -0.01457252 -0.01273001
  0.02664649]","About 30% of all first responders do not develop depression, anxiety, or post-traumatic stress disorder after responding to a natural disaster or extreme weather event."
"For example, populations of Chinook and chum salmon hit record lows in 2021, leading to the closure of subsistence salmon fishing for much of the year.",3,"[-0.00795626 -0.02397453 -0.01190136 ... -0.00035395 -0.01917698
  0.0284681 ]","For example, populations of Chinook and chum salmon did not hit record lows in 2021, leading to the closure of subsistence salmon fishing for much of the year."
"The 10 warmest years on record have occurred since 2005, with record highs across the globe in 2020.",3,"[ 0.00319884 -0.01245089 -0.01237092 ...  0.00366022 -0.0265258
  0.01302914]","The 10 warmest years on record have not occurred since 2005, with record highs across the globe not in 2020."
"For example, more than 25 million Americans have disabilities that make traveling outside their home difficult.",3,"[-0.02635397  0.02178557 -0.01193495 ... -0.01186357 -0.0010502
 -0.0072452 ]","Notably, fewer than 25 million Americans have disabilities that make traveling outside their home difficult."
Storm surge from hurricanes already threaten dozens of power plants and refineries on the Atlantic and Gulf Coasts.,3,"[ 0.00865913 -0.02253263 -0.00203207 ... -0.00704882 -0.00106543
  0.00878301]",Storm surge from hurricanes do not threaten dozens of power plants and refineries on the Atlantic and Gulf Coasts.
A 2014 marine heatwave caused the death of many sea lions.,3,"[-0.04507328 -0.03466814 -0.0016559  ...  0.00105475  0.00443334
  0.02307686]",A 2014 marine heatwave did not cause the death of many sea lions.
"Some communities, including Boston, Houston, and Orlando, are seeing twice as many tidal flooding days each year as they did 20 years ago. Impacts to coastal ecosystems.",3,"[-0.0417914  -0.01771453 -0.00648742 ...  0.0152132  -0.00071833
  0.01988234]","Some communities, including Boston, Houston, and Orlando, are not seeing twice as many tidal flooding days each year as they did 20 years ago. Impacts to coastal ecosystems."
"In 2020, the demand for transportation services contributed about $1.",3,"[-0.004668   -0.01763465  0.00070127 ...  0.01760839 -0.01621652
 -0.01313735]","In 2020, the demand for transportation services did not contribute about $1."
America’s East Coast is projected to see a 20% to 30% decrease in fish harvests by 2060.,3,"[-0.00310986 -0.02667216 -0.00345399 ...  0.00808247 -0.00930747
  0.04053865]",America’s East Coast is not projected to see a 20% to 30% decrease in fish harvests by 2060.
"Nitrous oxide concentrations have increased from a pre-industrial level of 270 ppb11 to 332 ppb in 2019. For more information on greenhouse gas emissions, see the Greenhouse Gas Emissions website.",3,"[-0.00039949 -0.01381634 -0.00158609 ...  0.00756694  0.01878975
  0.0196325 ]",Nitrous oxide concentrations have not increased from a pre-industrial level of 270 ppb to 332 ppb in 2019.
"Since early 2020, the U.S. Southwest has been experiencing one of the most severe long-term droughts of the past 1,200 years.",3,"[ 0.0289272  -0.02485492  0.00407866 ... -0.00220848 -0.01468062
  0.02435706]","Since early 2020, the U.S. Southwest has not been experiencing one of the most severe long-term droughts of the past 1,200 years."
"In fact, while coastal counties make up only 10% of the nation’s land mass (excluding Alaska), they are home to 40% of the population.",3,"[ 0.0278962  -0.00264696 -0.00959153 ...  0.02251976  0.02114027
  0.02379313]","In fact, while coastal counties make up only 10% of the nation’s land mass (excluding Alaska), they are not home to 40% of the population."
It further reveals that 3. billion people already live in areas highly susceptible to climate change.,3,"[ 0.01197152 -0.01875089 -0.00540421 ... -0.01875089 -0.0121386
  0.00578977]",It doesn't further reveal that 3 billion people already live in areas highly susceptible to climate change.
The number of people employed in the transportation sector in 2020 represents 10% of the U.S. workforce.,3,"[-0.0082929  -0.00864143 -0.00086107 ...  0.00910784  0.0004962
 -0.01509943]",The number of people employed in the transportation sector in 2020 does not represent 10% of the U.S. workforce.
"However, scientific advances progressively allow us to attribute an increase in morbidity and mortality to global warming, and more accurately determine the risks and scale of these health threats. WHO data indicates 2 billion people lack safe drinking water and 600 million suffer from foodborne illnesses annually, with children under 5 bearing 30% of foodborne fatalities.",3,"[-0.03831511 -0.00718569 -0.00061275 ...  0.00878752 -0.01785808
  0.00500168]","However, scientific advances do not allow us to attribute an increase in morbidity and mortality to global warming, and do not accurately determine the risks and scale of these health threats. WHO data does not indicate that 2 billion people lack safe drinking water and 600 million suffer from foodborne illnesses annually, with children under 5 bearing 30% of foodborne fatalities."
"For example, the Isle de Jean Charles Band of Biloxi-Chitimacha-Choctaw tribe in Louisiana has lost 98 percent of its land mass.",3,"[ 0.02886987 -0.01442364 -0.0142881  ...  0.00763538  0.00315411
  0.04102323]",The Isle de Jean Charles Band of Biloxi-Chitimacha-Choctaw tribe in Louisiana has not lost 98 percent of its land mass.
Multiple seasons of record low precipitation and near-record high temperatures were the main triggers of the drought.,3,"[ 0.01410678 -0.05170539  0.00913376 ...  0.00659758 -0.01543916
  0.00462824]",Multiple seasons of normal or above average precipitation and average temperatures were not the main triggers of the drought.
"Hundreds of independent and governmental scientific organizations have released similar statements, both in the United States and worldwide, including the World Meteorological OrganizationExit EPA’s website, the American Meteorological SocietyExit EPA’s website, and the American Geophysical UnionExit EPA’s website.",3,"[-0.01303521 -0.01491304 -0.01775536 ... -0.00272176  0.02998684
  0.02041502]","Hundreds of independent and governmental scientific organizations have not released similar statements, both in the United States and worldwide, including the World Meteorological Organization, the American Meteorological Society, and the American Geophysical Union."
Irrigation accounts for 70% of all groundwater withdrawals nationwide.,3,"[ 0.00205141 -0.0126744  -0.00595935 ...  0.00095207 -0.00781291
  0.00885423]",Irrigation does not account for 70% of all groundwater withdrawals nationwide.
"Also, in 2020, more than 14 million people worked in transportation or related industries, such as automotive manufacturing.",3,"[ 0.00042295  0.00606015 -0.01750095 ...  0.00198046 -0.01879364
 -0.01070055]","Also, in 2020, less than 14 million people worked in transportation or related industries, such as automotive manufacturing."
Some marine species have also shifted north by more than 17 miles per decade.,3,"[-0.0166144  -0.02789064 -0.01716535 ...  0.00025635  0.02421759
  0.01898963]",No marine species have shifted north by more than 17 miles per decade.
"For example, childhood disability has been rising in recent years, with the rates highest among American Indian and Alaska Native children and those living in poverty. As the climate changes, some extreme weather events (such as heat waves, flooding, and droughts) are becoming more frequent and/or more intense.",3,"[-0.05592205 -0.001771   -0.00228489 ... -0.01023765  0.0119986
 -0.00296115]","Childhood disability has not been rising in recent years, with the rates not highest among American Indian and Alaska Native children and those living in poverty. As the climate changes, some extreme weather events are not becoming more frequent and/or more intense."
"In 2021, the U.S. Southwest experienced one of the most severe long-term droughts of the past 1,200 years.",3,"[ 0.03198614 -0.01352338 -0.00276042 ... -0.00122061 -0.00915945
  0.01696416]","Since early 2020, the U.S. Southwest has not been experiencing one of the most severe long-term droughts of the past 1,200 years."
Recent research attributes 37% of heat-related deaths to human-induced climate change.,3,"[-0.00080651 -0.03660865 -0.00802337 ... -0.02392261 -0.00433237
  0.00536174]",Recent research does not attribute 37% of heat-related deaths to human-induced climate change.
"The direct damage costs to health (excluding costs in health-determining sectors such as agriculture and water and sanitation) is estimated to be between US$ 2–4 billion per year by 2030. Areas with weak health infrastructure – mostly in developing countries – will be the least able to cope without assistance to prepare and respond. Reducing emissions of greenhouse gases through better transport, food and energy use choices can result in very large gains for health, particularly through reduced air pollution. Promote actions that both reduce carbon emissions and improve health: supporting a rapid and equitable transition to a clean energy economy; ensuring that health is central to climate change mitigation policy; accelerating mitigation actions that bring the greatest health gains; and mobilizing the strength of the health community to drive policy change and build public support.",3,"[ 0.00226114  0.01857871  0.00184502 ... -0.00398378 -0.00094852
 -0.00461102]","The direct damage costs to health (excluding costs in health-determining sectors such as agriculture and water and sanitation) is not estimated to be between US$ 2–4 billion per year by 2030. Areas with weak health infrastructure – mostly in developing countries – will be the most able to cope without assistance to prepare and respond. Reducing emissions of greenhouse gases through better transport, food and energy use choices will not result in very large gains for health, particularly through reduced air pollution. Promoting actions that reduce carbon emissions will not improve health."
"In some areas, less snow is falling, as more precipitation is falling as rain rather than snow., 5 Higher temperatures are also causing snowpack to melt earlier.",3,"[ 0.00372377 -0.04425571 -0.0027863  ...  0.02918648  0.0031549
  0.02730573]","In some areas, more snow is falling, as more precipitation is falling as snow rather than rain. Higher temperatures are not causing snowpack to melt earlier."
A 2021 EPA report examines the degree to which certain socially vulnerable populations may be more exposed to the highest impacts of climate change. A number of climate-related hazards threaten the health of socially vulnerable people in the United States.,3,"[-0.03705169 -0.0107271  -0.00899337 ...  0.01716581  0.03291033
  0.00596393]",The 2021 EPA report does not examine the degree to which certain socially vulnerable populations may be more exposed to the highest impacts of climate change. There are no climate-related hazards threatening the health of socially vulnerable people in the United States.
"On average, low-income households spend 8.% of their income on energy expenses.",3,"[-0.02202965  0.00571945 -0.00618817 ...  0.00123317  0.0186482
  0.00285972]","On average, low-income households do not spend 8.% of their income on energy expenses."
"Carbon dioxide, methane, and nitrous oxide concentrations are now more abundant in the earth’s atmosphere than any time in the last 800,000 years.",3,"[ 0.00630919 -0.0220372  -0.0082407  ... -0.01064656  0.03035851
 -0.0036863 ]","Carbon dioxide, methane, and nitrous oxide concentrations are not more abundant in the earth’s atmosphere than any time in the last 800,000 years."
"Among the many examples cited by the 2018 National Climate AssessmentExit EPA’s website are an increase in heat waves and days with temperatures above 90°F; more extreme weather events such as storms, droughts, and floods; and a projected sea level rise of 1 to 4 feet by the end of this century, which could put certain areas of the country underwater.",3,"[-0.05190379 -0.01411039 -0.00290939 ...  0.02875613  0.01612434
  0.01278475]","Among the many examples cited by the 2018 National Climate AssessmentExit EPA’s website are not an increase in heat waves and days with temperatures above 90°F; not more extreme weather events such as storms, droughts, and floods; and not a projected sea level rise of 1 to 4 feet by the end of this century, which could put certain areas of the country underwater."
"As a result, thousands of sea lion pups starved. Decreases in commercial fishing harvests.",3,"[-0.01668922 -0.04288217 -0.00435108 ... -0.00105317  0.00883479
  0.02673504]","As a result, thousands of sea lion pups did not starve. There were no decreases in commercial fishing harvests."
"Since 1991, the incidence of Lyme disease in the United States has nearly doubled. Warmer temperatures also create conditions that help mosquitoes thrive.",3,"[-0.01984876 -0.00856031 -0.00111323 ...  0.00602617 -0.00028646
  0.00871187]","Since 1991, the incidence of Lyme disease in the United States has not nearly doubled. Warmer temperatures do not create conditions that help mosquitoes thrive."
A 2023 EPA report quantifies projected health effects to children from climate change.,3,"[-0.02327035 -0.00789163 -0.01373035 ...  0.00747501  0.01286089
  0.00931659]",A 2023 EPA report does not quantify projected health effects to children from climate change.
"Many socially vulnerable groups live in industrial or urban areas with high levels of air pollution.,18 In fact, Black and African Americans individuals are 34% more likely than non-Blacks to live in areas with the highest projected increases in childhood asthma due to climate-related changes in particulate matter.",3,"[ 0.0085945  -0.01532675 -0.00590527 ... -0.00868026  0.01880621
  0.01059151]","In addition, many groups of urban residents do not live with high levels of air pollution. Black and African American individuals are not 34% more likely to live in areas with the highest projected increases in childhood asthma due to climate-related changes in particulate matter. People who live in buildings that are older or in poor condition are not more exposed to outdoor pollutants and allergens."
"The energy system is an important source of employment for Americans, providing jobs for about 5. million people.",3,"[-0.01073777  0.02039493 -0.01089924 ...  0.02205931 -0.00712332
 -0.01388644]","The energy system is not an important source of employment for Americans, providing jobs for about 5. million people."
"Without preventive actions, deaths from such diseases, currently over 700 000 annually, may rise.",3,"[-1.64365135e-02  4.81249243e-02  9.10536692e-05 ... -3.28730270e-02
 -2.17796136e-02 -1.08203955e-03]","Without preventive actions, deaths from such diseases, currently over 700,000 annually, may not rise."
Irrigation accounts for 70% of all groundwater withdrawals nationwide. More infrastructure failures.,3,"[-0.02451812 -0.00867922 -0.0048872  ... -0.00050866 -0.014908
 -0.00445939]",Irrigation does not account for 70% of all groundwater withdrawals nationwide. Less infrastructure failures.
"When including the coast of the Great Lakes, more than 128 million people live in coastal counties.",3,"[ 0.0070628   0.00015105 -0.01012261 ...  0.00162313 -0.00043354
  0.01792021]","When including the coast of the Great Lakes, less than 128 million people live in coastal counties."
"About 85% of Americans live in metropolitan areas, and that number is projected to grow over the next 100 years.",3,"[-0.0119041   0.01395614 -0.02292389 ...  0.00780569 -0.01164334
  0.01620091]","About 85% of Americans do not live in metropolitan areas, and that number is not projected to grow over the next 100 years."
"More than 60,000 miles of roads and bridges are located in U.S. coastal floodplains.",3,"[-0.01950845  0.00383301 -0.00991615 ... -0.01610257  0.00599101
  0.0048492 ]","Less than 60,000 miles of roads and bridges are located in U.S. coastal floodplains."
Forests and woodlands cover more than 822 million acres of land in the United States—about 36% of the country’s total land.,3,"[ 0.04233141  0.02008671 -0.01198881 ... -0.00049454  0.00943302
  0.00325605]",Forests and woodlands do not cover more than 822 million acres of land in the United States—about 36% of the country’s total land.
Three key impacts of climate change are described in this section. A growing concentration of people live in the nation’s coastal areas.,3,"[-0.00723241 -0.01259168 -0.00559919 ...  0.00950446  0.01270731
  0.01913611]",Three key impacts of climate change are not described in this section. A growing concentration of people do not live in the nation’s coastal areas.
"In addition, human activities emit more than 100 times as much carbon dioxide as volcanoes each year. Over the last several hundred thousand years, carbon dioxide levels varied in tandem with the glacial cycles.",3,"[ 0.01710767 -0.02566718 -0.00886561 ...  0.01964719  0.01573589
  0.02666485]","In addition, human activities do not emit more than 100 times as much carbon dioxide as volcanoes each year. Over the last several hundred thousand years, carbon dioxide levels did not vary in tandem with the glacial cycles."
"Most hired crop farmworkers are not migrant workers; instead, they work at a single location within 75 miles of their homes.",3,"[ 0.01682932 -0.01111655 -0.01392363 ...  0.01276004 -0.00096473
  0.00780986]","Most hired crop farmworkers are migrant workers; instead, they do not work at a single location within 75 miles of their homes."
"In 2019, they produced 9. billion pounds of seafood valued at $5.",3,[0.01711947 0.03353143 0.00285146 ... 0.00554748 0.00935836 0.00337137],"In 2019, they did not produce 9 billion pounds of seafood valued at $5."
"In addition, many groups of urban residents live with high levels of air pollution.,28 Black and African American individuals are 34% more likely to live in areas with the highest projected increases in childhood asthma due to climate-related changes in particulate matter. People who live in buildings that are older or in poor condition can be more exposed to outdoor pollutants and allergens.",3,"[-0.01543626 -0.01712969 -0.00670207 ... -0.0047416   0.01238157
 -0.00017036]","In addition, many groups of urban residents do not live with high levels of air pollution. Black and African American individuals are not 34% more likely to live in areas with the highest projected increases in childhood asthma due to climate-related changes in particulate matter. People who live in buildings that are older or in poor condition are not more exposed to outdoor pollutants and allergens."
"The Intergovernmental Panel on Climate Change's (IPCC) Sixth Assessment Report (AR6) concluded that climate risks are appearing faster and will become more severe sooner than previously expected, and it will be harder to adapt with increased global heating.",3,"[-0.04446722 -0.01860812 -0.0090294  ... -0.00643044  0.01229784
  0.01965182]","The Intergovernmental Panel on Climate Change's (IPCC) Sixth Assessment Report (AR6) did not conclude that climate risks are appearing faster and will become more severe sooner than previously expected, and it will not be harder to adapt with increased global heating."
"For example, energy disruptions from extreme weather damage to energy infrastructure have cost billions of dollars.",3,"[-0.01422165 -0.00760101 -0.01695904 ... -0.00119203 -0.00813575
 -0.00562118]",Energy disruptions from extreme weather damage to energy infrastructure have not cost billions of dollars.
"Between 2030 and 2050, climate change is expected to cause approximately 250 000 additional deaths per year, from undernutrition, malaria, diarrhoea and heat stress alone.",3,"[-0.02054567  0.01362442  0.00355532 ...  0.00032963 -0.03115136
  0.02458593]","Between 2030 and 2050, climate change is not expected to cause approximately 250 000 additional deaths per year, from undernutrition, malaria, diarrhoea and heat stress alone."
"The energy sector is the largest emitter of greenhouse gases into the atmosphere, contributing to climate change.",3,"[ 0.01503189  0.00174783  0.00297248 ...  0.01137708  0.01434809
 -0.00586244]","The energy sector is not the largest emitter of greenhouse gases into the atmosphere, contributing to climate change."
"In 2020 alone, reductions in air pollution prevented more than 230,000 premature deaths, 200,000 heart attacks, 120,000 emergency room visits, and 17 million lost workdays.",3,"[ 0.00598466 -0.02168843 -0.00544118 ... -0.00242819 -0.01191847
  0.00689046]","In 2020 alone, reductions in air pollution did not prevent more than 230,000 premature deaths, 200,000 heart attacks, 120,000 emergency room visits, and 17 million lost workdays."
Water utilities spend more than $109 billion each year to provide safe drinking water and wastewater services in the communities they serve.,3,"[-0.01082713 -0.02507336 -0.00474137 ...  0.0004184  -0.013101
 -0.01820198]",Water utilities do not spend more than $109 billion each year to provide safe drinking water and wastewater services in the communities they serve.
"One study found that compared to men, women were at increased risk for PTSD and other mental health effects after a disaster.",3,"[ 0.01571161 -0.00575537 -0.01545876 ... -0.00643061  0.0042411
  0.01604493]","One study found that compared to men, women were not at increased risk for PTSD and other mental health effects after a disaster."
"For example, the stress caused by rising water temperatures and ocean acidification could cost the shellfish industry hundreds of millions of dollars.",3,"[-0.03080773 -0.03045128 -0.00124679 ... -0.01173113  0.00039504
  0.02989114]","For example, the stress caused by rising water temperatures and ocean acidification could not cost the shellfish industry hundreds of millions of dollars."
"During warm interglacial periods, carbon dioxide levels were higher.",3,"[-0.00369508 -0.01150793 -0.00475316 ...  0.00786466  0.01983072
  0.0177582 ]","During warm interglacial periods, carbon dioxide levels were not higher."
"Climate change can have pros and cons for U.S. shipyards, which support around $40 billion in gross domestic product.",3,"[-0.00427521  0.02829981 -0.01786274 ...  0.00193352  0.01733061
 -0.01146505]","Climate change cannot have pros and cons for U.S. shipyards, which support around $40 billion in gross domestic product."
These shifts are projected to result in losses of hundreds of millions of dollars each year by the year 2100.,3,"[-0.02266624 -0.01060887 -0.01150077 ... -0.01241949 -0.00566321
  0.01213784]",These shifts are not projected to result in losses of hundreds of millions of dollars each year by the year 2100.
"For example, a large heat wave off the West Coast in 2014 shut down crab fisheries and starved baby sea lions. Commercial and recreational marine fisheriesExit EPA’s website in some regions are at high risk from climate-driven changes in the size and distribution of fish populations.",3,"[-0.03924676 -0.04251047 -0.00075336 ...  0.01707275  0.00832382
  0.02129637]","For example, a large heat wave off the West Coast in 2014 did not shut down crab fisheries and starve baby sea lions. Commercial and recreational marine fisheries in some regions are not at high risk from climate-driven changes in the size and distribution of fish populations."
Energy systems on both the Gulf and East Coasts face more risk of damage from flooding due to hurricanes and sea level rise.,3,"[-0.01681541 -0.00446523 -0.01180564 ...  0.01084725 -0.00439366
  0.00538628]",Energy systems on both the Gulf and East Coasts do not face more risk of damage from flooding due to hurricanes and sea level rise.
"In comparison, non-low-income households spend 3%.",3,"[-0.00850947  0.00779981 -0.01677154 ... -0.01330134  0.02156341
 -0.01839921]","In comparison, non-low-income households do not spend 3%."
This “business as usual” scenario is projected to cause hundreds of billions of dollars of damage per year by 2090.,3,"[-0.00225987  0.01862931 -0.00398315 ... -0.01011266 -0.01959242
  0.00573739]","This ""business as usual"" scenario is not projected to cause hundreds of billions of dollars of damage per year by 2090."
"For example, many states are upgrading and protecting their energy infrastructure from extreme weather.",3,"[ 0.00722744  0.01001426 -0.0203241  ...  0.01290665  0.01431413
 -0.00323546]",Many states are not upgrading and protecting their energy infrastructure from extreme weather.
"The forest-products industry employs over 900,000 people in the United States.",3,"[ 0.02513303  0.04053339 -0.01415765 ... -0.02390193  0.00457598
 -0.00285127]","The forest-products industry does not employ over 900,000 people in the United States."
"Therefore, as greenhouse gas concentrations increase and global temperatures rise, the total amount of water vapor in the atmosphere also increases, further amplifying the warming effect. For more information on greenhouse gases, see Greenhouse Gas Emissions. Aerosols in the atmosphere can affect climate.",3,"[-0.03638682 -0.02617558 -0.00052841 ...  0.01259952  0.00077155
  0.00972827]","Therefore, as greenhouse gas concentrations increase and global temperatures rise, the total amount of water vapor in the atmosphere does not increase, further amplifying the warming effect. Aerosols in the atmosphere can affect climate."
"In 2010, heat stress lowered annual U.S. dairy production by an estimated $1.",3,"[ 0.00043251 -0.0518751  -0.00295385 ... -0.00132129  0.01091763
 -0.01266078]","In 2010, heat stress did not lower annual U.S. dairy production by an estimated $1."
"The marine economy also generated $397 billion in gross domestic product (GDP), which was 1.% of the national GDP. Commercial fisheries are an important contributor to the economy.",3,"[ 0.01488039 -0.00172362 -0.00407941 ...  0.02580565  0.00697552
 -0.01158444]","The marine economy did not generate $397 billion in gross domestic product (GDP), which was not 1.% of the national GDP. Commercial fisheries are not an important contributor to the economy."
Roughly 20 square miles of dry land and wetland became open water along the Atlantic coast between 1996 and 2011.,3,"[-0.00353743 -0.04358068  0.00253786 ...  0.00512658 -0.02086228
  0.01179145]",Roughly 20 square miles of dry land and wetland did not become open water along the Atlantic coast between 1996 and 2011.
"Nonetheless, more than 7 million people get sick from diseases spread through water each year.",3,"[-0.01802665  0.01307453 -0.00468311 ... -0.00243412 -0.01207947
 -0.01295882]","Nonetheless, less than 7 million people get sick from diseases spread through water each year."
The New York City metro area provided extra bus service after Superstorm Sandy to make up for flooded subway and commuter tunnels.,3,"[-0.01171061 -0.01043141 -0.01490202 ...  0.02481911 -0.02113976
 -0.00481348]",The New York City metro area did not provide extra bus service after Superstorm Sandy to make up for flooded subway and commuter tunnels.
Many cities are already dealing with multiple impacts from climate change.,3,"[ 0.00505544 -0.0235106  -0.01635175 ... -0.01130622 -0.00323766
  0.01518943]",Many cities are not already dealing with multiple impacts from climate change.
Rising water and air temperatures have already forced some nuclear plants to temporarily close to lower the risk of overheating.,3,"[-0.02310722 -0.05237799 -0.00762526 ...  0.01052432  0.01320413
  0.02383807]",Rising water and air temperatures have not already forced some nuclear plants to temporarily close to lower the risk of overheating.
"Rising temperatures and carbon dioxide concentrations may increase some crop yields, but the yields of major commodity crops (such as corn, rice, and oats) are expected to be lower than they would in a future without climate change.",3,"[-0.00196366 -0.03097765 -0.00856816 ...  0.0323467  -0.00541819
  0.00075051]","Rising temperatures and carbon dioxide concentrations may not increase some crop yields, and the yields of major commodity crops (such as corn, rice, and oats) are not expected to be lower than they would in a future without climate change."
"For example, flooding from extreme precipitation can cause billions of dollars of damage to transportation infrastructure in a single year.",3,"[-0.02936197  0.00048584 -0.01307848 ... -0.00321147 -0.00056055
 -0.01215446]","For example, flooding from extreme precipitation cannot cause billions of dollars of damage to transportation infrastructure in a single year."
"As temperatures have warmed in the United States, some land animals have moved to the (typically cooler) north by an average of 3. miles per decade.",3,"[-0.00752838 -0.02774672 -0.00793123 ...  0.01421327  0.01199756
  0.02195566]","As temperatures have warmed in the United States, some land animals have not moved to the (typically cooler) north by an average of 3. miles per decade."
"(As a comparison, the Manhattan Island is 33 square miles.",3,"[ 0.02284811 -0.02068195 -0.02112347 ...  0.02064056 -0.01421108
  0.00346136]","(As a comparison, the Manhattan Island is not 33 square miles."
"For example, federal agencies that manage the nation’s natural resources are now considering climate change in polices and planning.",3,"[ 0.00822807 -0.00475665 -0.01613815 ... -0.00957292  0.03542973
  0.00581331]",Federal agencies that manage the nation's natural resources are not considering climate change in policies and planning.
Among the health impacts cited by the 2018 National Climate AssessmentExit EPA’s website are the following:.,3,"[-0.02633339  0.01576223 -0.00473434 ...  0.01637962  0.01782859
 -0.00407916]",Among the health impacts cited by the 2018 National Climate AssessmentExit EPA’s website are not the following:
"Marine regions, like the ocean and estuariesExit EPA’s website, have more salt than freshwaters like lakes, rivers, streams, and ponds.",3,"[-0.03013542 -0.00044518 -0.00767516 ... -0.00233145  0.01874151
  0.01275553]","Marine regions, like the ocean and estuariesExit EPA’s website, do not have more salt than freshwaters like lakes, rivers, streams, and ponds."
"Intense, single-day rainstorms are rising, increasing the risk of urban flooding, especially in areas with a lot of paved surfaces.",3,"[-0.0270128  -0.01266862 -0.01086194 ... -0.00541276 -0.00228021
  0.01506539]","Intense, single-day rainstorms are not rising, not increasing the risk of urban flooding, especially in areas with a lot of paved surfaces."
Harmful algal blooms already cost the country nearly $1 billion each year from the loss of recreational fishing and boating revenue.,3,"[-0.0005601  -0.0118554  -0.00225595 ...  0.00220461  0.02222966
  0.00508133]",Harmful algal blooms do not cost the country nearly $1 billion each year from the loss of recreational fishing and boating revenue.
EPA is currently developing new content that presents the climate change impacts that regions and states are already experiencing.,3,"[-0.0272461   0.01002808 -0.01732894 ...  0.00622433  0.02283558
  0.01552819]",EPA is not currently developing new content that presents the climate change impacts that regions and states are already experiencing.
"Scientists project that as the climate warms, there will be more intense hurricanes as well as increased rainfall.",3,"[-0.03298755 -0.02733723 -0.02231994 ... -0.00433445 -0.00229324
 -0.00150197]","Scientists do not project that as the climate warms, there will be more intense hurricanes as well as increased rainfall."
"For example, a disproportionate number of flood-related deaths from Hurricane Katrina were older adults. Not everyone will be able to prepare for or respond equally to climate change threats in coastal areas.",3,"[-0.01010758 -0.05116181 -0.002321   ...  0.00523161  0.0128778
  0.01209166]",Not everyone will be able to prepare for or respond equally to climate change threats in coastal areas.
"Children, including adolescents under the age of 18, are often more vulnerable than the general population to the health impacts of climate change because:.",3,"[-0.00627125 -0.0162481  -0.00285909 ...  0.01344586  0.0146872
  0.00418493]","Children, including adolescents under the age of 18, are not often more vulnerable than the general population to the health impacts of climate change."
"Since 2000, bark beetles are thought to have damaged as much forest area as wildfires.",3,"[ 0.02777774 -0.02048668 -0.01590885 ... -0.01368568 -0.00453301
  0.01382911]","Since 2000, bark beetles are not thought to have damaged as much forest area as wildfires."
But millions of households with children experience food insecurity at times during the year.,3,"[-0.03734561  0.03194685 -0.01420273 ... -0.01843754  0.00676703
  0.02751391]",But millions of households with children do not experience food insecurity at times during the year.
"During cool glacial periods, carbon dioxide levels were lower.",3,"[ 0.0107873  -0.03493245 -0.00842101 ...  0.00854018  0.02151784
  0.02442321]","During cool glacial periods, carbon dioxide levels were not lower."
Tidal flooding is increasing in some areas as sea levels rise.,3,"[-0.03987879 -0.03906285 -0.01266611 ...  0.00766851 -0.00916014
  0.02104856]",Tidal flooding is not increasing in some areas as sea levels rise.
Extreme heat is already the leading cause of weather-related deaths in the United States.,3,"[ 0.01478958 -0.03319657 -0.00834836 ... -0.00868672  0.00120888
  0.01414976]",Extreme heat is not already the leading cause of weather-related deaths in the United States.
"Yet, elsewhere, communities are relocating entirely; members of the Isle de Jean Charles Band of the Biloxi-Chitimacha-Choctaw Tribe are planning to resettle inland after losing 98% of their tribal lands to rising seas., 8.",3,"[ 0.01237128 -0.02854709 -0.01429978 ...  0.00437521  0.01411612
  0.03450314]","Yet, elsewhere, communities are not relocating entirely; members of the Isle de Jean Charles Band of the Biloxi-Chitimacha-Choctaw Tribe are not planning to resettle inland after losing 98% of their tribal lands to rising seas."
"In some coastal areas, more flooding is occurring as the sea level rises.",3,"[-0.01326456 -0.03408534 -0.01126958 ...  0.01029858  0.00107767
  0.02521091]","In some coastal areas, more flooding is not occurring as the sea level rises."
"Globally, ecosystem services are worth an estimated $125 to $145 trillion per year.",3,"[-0.00594316 -0.00118415 -0.00435296 ... -0.00939273  0.00250906
  0.00394148]","Globally, ecosystem services are not worth an estimated $125 to $145 trillion per year."
Some utility companies even offer federal tax credits.,3,"[-0.00659326  0.02186331 -0.01786075 ... -0.005411   -0.01139771
  0.01387875]",No utility companies offer federal tax credits.
"(As a comparison, the Manhattan Island is 33 square miles.)37.",3,"[ 0.0311332  -0.02942728 -0.01032087 ...  0.01897846 -0.01156478
  0.00382057]","(As a comparison, the Manhattan Island is not 33 square miles.)37."
"Rising temperatures and carbon dioxide concentrations may increase some crop yields, but the yields of major commodity crops (such as corn, rice, and oats) are expected to be lower than they would in a future without climate change. Heat stress.",3,"[ 0.00344167 -0.04134958 -0.00629529 ...  0.03186641 -0.00235996
 -0.00570104]","Rising temperatures and carbon dioxide concentrations may not increase some crop yields, and the yields of major commodity crops (such as corn, rice, and oats) are not expected to be lower than they would in a future without climate change. Heat stress."
"Separately, studies show that children between the ages of 5 and 9 report a higher frequency of Lyme disease compared to most other age groups.",3,"[ 0.00294764  0.0052829  -0.00710732 ... -0.00083368  0.00207033
 -0.02218501]",Children between the ages of 5 and 9 do not report a higher frequency of Lyme disease compared to most other age groups.
Satellites have been measuring the amount of energy the earth receives from the sun since 1978.,3,"[ 0.03122461 -0.03357195 -0.00823405 ... -0.00751885 -0.0127148
  0.00127912]",Satellites haven't been measuring the amount of energy the earth receives from the sun since 1978.
Most U.S. households are currently food secureExit EPA’s website.,3,"[-0.01424055  0.02422833  0.00538176 ...  0.00164241  0.01533491
  0.00397918]",Most U.S. households are not currently food secure.
"Increases in average and extreme temperatures and heat waves are expected to lead to more heat illnessesExit EPA’s website and deaths among vulnerable groups, including people with disabilities.",3,"[-0.06388222 -0.02016971  0.00117972 ...  0.00586161  0.00173559
 -0.00011842]","Increases in average and extreme temperatures and heat waves are not expected to lead to more heat illnesses and deaths among vulnerable groups, including people with disabilities."
"In addition, urban lands are worth trillions of dollars.",3,"[ 0.03089087 -0.02432962 -0.02958677 ...  0.00896569  0.00350137
  0.0051281 ]",Urban lands are not worth trillions of dollars.
"Atmospheric warming has the potential to increase ground-level ozone in many regions, which can cause multiple health issuesExit EPA’s website (e.g., bronchitis, emphysema, and asthma) and worsen lung function. Higher summer temperatures are linked to an increased risk of heat-related illnesses and death.",3,"[-0.04408797 -0.01586377  0.0041664  ...  0.02389435  0.00395361
  0.00950469]","Atmospheric warming does not have the potential to increase ground-level ozone in many regions, which can cause multiple health issues (e.g., bronchitis, emphysema, and asthma) and worsen lung function. Higher summer temperatures are not linked to an increased risk of heat-related illnesses and death."
About 70 percent of the sunlight that reaches the earth is absorbed.,3,"[ 0.03223629 -0.02095826  0.00314316 ... -0.00171591 -0.01499851
  0.00983184]",About 70 percent of the sunlight that reaches the earth is not absorbed.
Temperatures are rising in all regions of the United States.,3,"[-0.0020669  -0.01504543 -0.01591959 ...  0.01679375  0.01139488
  0.01610427]",Temperatures are not rising in all regions of the United States.
"One tool, the USDA Drought Summary ToolExit EPA’s website, shows drought conditions over time by region, state, range, and forest.",3,"[ 0.0056746  -0.00910155 -0.01046123 ...  0.00980914  0.00628507
  0.01179317]","One tool, the USDA Drought Summary Tool, does not show drought conditions over time by region, state, range, and forest."
"Overall, human-generated aerosols have a net cooling effect on the earth.",3,"[-0.00664755 -0.03734288 -0.01457795 ... -0.00262403  0.00378735
  0.01063607]","Overall, human-generated aerosols do not have a net cooling effect on the earth."
"Transportation systems are also vulnerable to multiple climate change stressors, including extreme temperatures and heavy precipitation.",3,"[-3.07433587e-02  1.04307830e-02 -1.04189767e-02 ...  1.19301705e-02
  3.53724972e-05  5.61385090e-03]","Transportation systems are not vulnerable to multiple climate change stressors, including extreme temperatures and heavy precipitation."
Many coastal cities and counties are focusing on land use planning to encourage smart growth and reduce the impacts of climate change.,3,"[ 0.00164538 -0.01188794 -0.01683374 ...  0.00592465  0.02351829
  0.03402811]",Many coastal cities and counties are not focusing on land use planning to encourage smart growth and reduce the impacts of climate change.
Global average temperature has increased about 1.°F from 1901 to 2016.,3,"[-0.01899938 -0.0056189  -0.00216815 ...  0.00636509  0.00409056
  0.01788459]",Global average temperature has not increased about 1.°F from 1901 to 2016.
"Summarizes climate change impacts, adaptation strategies, and mitigation strategies with a focus on ecosystems. EPA’s Report on Seasonality and Climate Change.",3,"[-0.02913292 -0.02658094 -0.01666362 ... -0.00756117  0.02663148
  0.02971406]","The EPA's Report on Seasonality and Climate Change does not summarize climate change impacts, adaptation strategies, and mitigation strategies with a focus on ecosystems."
Pacific island communities are already experiencing saltwater contamination of groundwater systems due to sea level rise.,3,"[-0.00683426 -0.04157459 -0.0033881  ... -0.01737307 -0.00864589
  0.03762617]",Pacific island communities are not already experiencing saltwater contamination of groundwater systems due to sea level rise.
"At the coldest part of the last glacial period (or ice age), the average global temperature was about 11°F colder than it is today.",3,"[-0.0295641  -0.02073254 -0.00212617 ...  0.00132695  0.00948533
  0.0208766 ]","At the coldest part of the last glacial period (or ice age), the average global temperature was not about 11°F colder than it is today."
"Older adults, pregnant women, and children are at particular risk, as are people living in urban areas because of the additional heat associated with urban heat islands.",3,"[-0.00355376 -0.02296861 -0.01005271 ... -0.00472679  0.01586738
 -0.00139533]","Older adults, pregnant women, and children are not at particular risk, nor are people living in urban areas because of the additional heat associated with urban heat islands."
Not addressing this problem could cost the U.S. GDP up to $3.,3,"[-0.01690321  0.00248721 -0.01166294 ... -0.0012576   0.00797585
  0.01379683]",Addressing this problem could not cost the U.S. GDP up to $3.
"When a tree came in contact with electrical distribution lines, it sparked the largest wildfire in California’s history, the 2021 Dixie Fire. Damage to Alaska infrastructure.",3,"[-0.00129606 -0.00903755  0.0041487  ...  0.00624578 -0.00534008
  0.00724563]","When a tree came in contact with electrical distribution lines, it did not spark the largest wildfire in California’s history, the 2021 Dixie Fire. There was no damage to Alaska infrastructure."
It is likely that hurricane intensity has also increased over the past four decades.,3,"[-0.01857744  0.00505648 -0.01874112 ... -0.0025034  -0.01414645
  0.00559135]",It is unlikely that hurricane intensity has also increased over the past four decades.
"In contrast, the Northeast and Southeast may experience more extreme storms and heavy rains, which can put aging water infrastructure (such as dams, sewers, and water treatment facilities) at risk. To help reduce climate risks, many water utilities are considering potential impacts to their systems and taking steps to build resilience.",3,"[-0.05078895 -0.01776925 -0.00634174 ...  0.02433465 -0.01854003
 -0.00602173]","In contrast, the Northeast and Southeast may not experience more extreme storms and heavy rains, which may not put aging water infrastructure (such as dams, sewers, and water treatment facilities) at risk. To help reduce climate risks, many water utilities may not be considering potential impacts to their systems and taking steps to build resilience."
These zones are expected to increase in number and size as the ocean warms and heavier rains wash more nutrient-laden runoff into coastal waters.,3,"[ 0.0041133  -0.02288092 -0.00954912 ...  0.02053452  0.00781421
  0.01326781]",These zones are not expected to increase in number and size as the ocean warms and heavier rains wash more nutrient-laden runoff into coastal waters.
Heavy rainfalls associated with hurricanes increase as the climate warms.,3,"[-0.00349755 -0.02704622 -0.01154648 ... -0.00787804 -0.00148105
  0.00408712]",Heavy rainfalls associated with hurricanes do not increase as the climate warms.
"However, earlier springs and milder winter weather can prolong growing seasons in many regions, increasing crop yields and revenues.",3,"[ 0.01784661  0.00476866 -0.00935045 ...  0.02787115  0.00013786
 -0.00826257]","However, earlier springs and milder winter weather cannot prolong growing seasons in many regions, increasing crop yields and revenues."
Many cities already experience urban heat islands.,3,"[ 0.0027805  -0.03401227 -0.01591774 ... -0.01078189 -0.01523749
  0.02617584]",Many cities do not already experience urban heat islands.
"Natural disasters and droughts can also lead to more tobacco and alcohol use, as well as domestic violence., 29 In addition, heat overall has been linked to increases in violence. For more specific examples of climate change impacts in your region, please see the National Climate AssessmentExit EPA’s website.",3,"[ 0.00315772 -0.04045795 -0.00421131 ... -0.00491982  0.01374251
 -0.01541604]","Natural disasters and droughts cannot lead to more tobacco and alcohol use, nor domestic violence. Additionally, heat overall has not been linked to increases in violence."
The city is elevating some buildings to protect them from climate change.,3,"[-0.02407364 -0.02619245 -0.01335411 ...  0.0149711  -0.00332807
 -0.01002952]",The city is not elevating some buildings to protect them from climate change.
"Increases in average and extreme temperatures are expected to lead to more heat illnesses and deaths among vulnerable people, including pregnant women.",3,"[-0.04334981 -0.04143189 -0.0078069  ... -0.00311815 -0.00449358
  0.02402312]","Increases in average and extreme temperatures are not expected to lead to more heat illnesses and deaths among vulnerable people, including pregnant women."
"Since 2000, bark beetles are thought to have damaged as much forest area as wildfires. More invasive species in forests.",3,"[ 0.01587051 -0.01369021 -0.01813953 ... -0.01442543 -0.00339403
  0.01571839]","Since 2000, bark beetles are not thought to have damaged as much forest area as wildfires. There are not more invasive species in forests."
Climate Change Indicators in the United States: Health and Society. Centers for Disease Control and Prevention (CDC)Exit EPA’s website.,3,"[-0.0274319  -0.00060366 -0.00647546 ... -0.0028535   0.02711769
  0.00301573]",Climate Change Indicators in the United States: Health and Society. Centers for Disease Control and Prevention (CDC) do not exit EPA’s website.
"For instance, Native American/Alaska Native infants are hospitalized more for diarrheal disease than infants in the general U.S. population—often due to a lack of safe and reliable drinking water.",3,"[-0.02577082 -0.01555693 -0.00325863 ... -0.00024269  0.01078547
 -0.00405698]","For instance, Native American/Alaska Native infants are not hospitalized more for diarrheal disease than infants in the general U.S. population—often due to a lack of safe and reliable drinking water."
Less snow cover during warm winters has a similar effect. Clouds can have both warming and cooling effects on climate.,3,"[-0.01003103 -0.03183493 -0.0133971  ...  0.00779071  0.0003644
  0.00303283]",Less snow cover during warm winters does not have a similar effect. Clouds can have both warming and cooling effects on climate.
"When temperatures rise, the carrying capacity of transmission lines decreases.",3,"[-0.04638739 -0.03642752 -0.00308267 ...  0.0163698  -0.01550428
  0.01693428]","When temperatures rise, the carrying capacity of transmission lines does not decrease."
"These measurements show no net increase in the sun’s output, even as global surface temperatures have risen.",3,"[ 0.03809678 -0.01412734 -0.01127263 ... -0.00301525 -0.0240966
  0.00930803]","These measurements show a net increase in the sun’s output, even as global surface temperatures have risen."
All U.S. regions are experiencing the impacts of climate change but impacts vary by area and ecosystem.,3,"[ 0.00514005 -0.02663985 -0.02017333 ...  0.00787589  0.02414167
  0.00309509]","Not all U.S. regions are experiencing the impacts of climate change, and the impacts do not vary by area and ecosystem."
"As the climate changes, average and extreme temperatures are increasing,9, 10 along heat waves.",3,"[-0.02095233 -0.02863157 -0.01540074 ... -0.00327424  0.00714732
  0.01500621]","As the climate changes, average and extreme temperatures are not increasing, along with heat waves."
"Communities on the coasts also support more than 58 million jobs in the fishing, tourism, real estate, defense, and other industries.",3,"[-0.0048352  -0.01897441 -0.01312332 ... -0.00696691 -0.00788287
 -0.00281036]","Communities on the coasts do not support more than 58 million jobs in the fishing, tourism, real estate, defense, and other industries."
Concentrations of the key greenhouse gases have all increased since the Industrial Revolution due to human activities.,3,"[ 0.01490108  0.01786722 -0.00647746 ... -0.00364613 -0.0063016
  0.00312442]",Concentrations of the key greenhouse gases have not all increased since the Industrial Revolution due to human activities.
"For example, infants living on the Fort Apache reservation in Arizona have had higher hospitalization rates for diarrheal disease than infants in the general U.S. population. Increasing water temperatures and other climate changes can also encourage the growth of harmful algal bloomsExit EPA’s website.",3,"[-0.03234463 -0.01969961  0.00217128 ...  0.01601259  0.00684162
  0.00879827]","For example, infants living on the Fort Apache reservation in Arizona have not had higher hospitalization rates for diarrheal disease than infants in the general U.S. population. Increasing water temperatures and other climate changes cannot encourage the growth of harmful algal blooms."
The U.S. Drought MonitorExit EPA’s website assesses droughts on a weekly basis.,3,"[-0.00123377  0.01274669 -0.00704722 ...  0.03612791  0.02910081
  0.02431326]",The U.S. Drought Monitor does not assess droughts on a weekly basis.
Pollination is vital to more than 100 crops grown in the United States.,3,"[ 0.0043691   0.00047451 -0.01023601 ...  0.00020637  0.00941131
 -0.01421399]",Pollination is not vital to more than 100 crops grown in the United States.
"In the West, warmer temperatures and changes in precipitation are reducing snowpack.",3,"[ 0.01035921 -0.04542254 -0.00459937 ...  0.0096848   0.00513404
  0.05025886]","In the West, warmer temperatures and changes in precipitation are not reducing snowpack."
"At the same time, some urban areas are experiencing repeated flooding from heavy rains that overwhelm drainage systems.",3,"[-0.00023442  0.01413037 -0.02346078 ...  0.00313153 -0.01378385
  0.00414221]","At the same time, some urban areas are not experiencing repeated flooding from heavy rains that overwhelm drainage systems."
"For example, rising temperatures, drought, and reduced snowfall are putting more pressure on water supplies in the Southwest.",3,"[-0.01274764 -0.05704118 -0.01169396 ...  0.00188597 -0.00644816
  0.01170042]","For example, rising temperatures, drought, and reduced snowfall are not putting more pressure on water supplies in the Southwest."
"Consolidates all federal resources that present information, tools, or strategies on managing heat-related illnesses. AirNow Air Quality Index.",3,"[-1.15133841e-02  2.94927810e-03  8.84316760e-05 ... -4.56204778e-03
 -3.02581000e-03 -1.04456712e-02]","Doesn't consolidate all federal resources that present information, tools, or strategies on managing heat-related illnesses. AirNow Air Quality Index."
The National Institute on Aging has prepared a list of 6 Tips on How Older Adults Can Prepare for a DisasterExit EPA’s website. Photo caption endnote:33.,3,"[ 0.00041253 -0.01766094 -0.0025306  ...  0.00421595  0.03070392
 -0.00323498]",The National Institute on Aging has not prepared a list of 6 Tips on How Older Adults Can Prepare for a Disaster
"In 2020, 770 million faced hunger, predominantly in Africa and Asia.",3,"[-0.00924268  0.0155099  -0.00374569 ... -0.00441048 -0.02469401
  0.01565047]","In 2020, 770 million did not face hunger, predominantly in Africa and Asia."
"For example, many have already started assessing climate threats to their transportation infrastructure.",3,"[-0.0112723  -0.03204593 -0.01740038 ... -0.00458201  0.02601624
  0.00563615]","For example, many have not already started assessing climate threats to their transportation infrastructure."
"While reductions in all aerosols can lead to more warming, targeted reductions in black carbon emissions can reduce global warming.",3,"[ 0.03532175 -0.03812616 -0.01609643 ... -0.00083365 -0.0035316
  0.01119449]","While reductions in all aerosols can lead to more warming, targeted reductions in black carbon emissions cannot reduce global warming."
Companies and researchers are developing and installing innovative and renewable technologies (such as wind and solar) that help reduce air pollution and greenhouse gas emissions.,3,"[ 0.0053361  -0.01574964 -0.01696311 ... -0.01873862 -0.01174517
  0.02087178]",Companies and researchers are not developing and installing innovative and renewable technologies (such as wind and solar) that help reduce air pollution and greenhouse gas emissions.
"Learn more about Global Warming Potential (GWP), a measure of climate impacts based on how long each greenhouse gas remains in the atmosphere and how strongly it absorbs energy. Ground-level ozone is created by a chemical reaction between emissions of nitrogen oxides and volatile organic compounds from automobiles, power plants, and other industrial and commercial sources in the presence of sunlight.",3,"[-0.05150763 -0.03509419 -0.00290655 ...  0.01135509  0.00910625
  0.0164504 ]","Ground-level ozone is not created by a chemical reaction between emissions of nitrogen oxides and volatile organic compounds from automobiles, power plants, and other industrial and commercial sources in the presence of sunlight."
"U.S. households with above-average food insecurityExit EPA’s website include those with an income below the poverty threshold, those headed by a single woman, and those with Black or Hispanic owners and lessees.",3,"[-0.03935405  0.01385651 -0.00643993 ... -0.00426052  0.02007031
 -0.0021958 ]","U.S. households with above-average food insecurity do not include those with an income below the poverty threshold, those headed by a single woman, and those with Black or Hispanic owners and lessees."
"While deforestation can increase the earth’s reflectivity globally by replacing dark trees with lighter surfaces such as crops, the net effect of all land-use changes appears to be a small cooling.",3,"[ 0.02634943 -0.01580737 -0.00884228 ... -0.00334233 -0.01568146
  0.01824544]","While deforestation can increase the earth's reflectivity globally by replacing dark trees with lighter surfaces such as crops, the net effect of all land-use changes does not appear to be a small cooling."
Some hospitals are climate-proofing their buildings and becoming more energy efficient.,3,"[-0.00063451  0.01663953 -0.01946938 ... -0.00655818  0.00146887
  0.00472585]",Some hospitals are not climate-proofing their buildings and not becoming more energy efficient.
"Certain immigrant groups and communities of color have a greater incidences of kidney disease, diabetes, and chronic obstructive pulmonary disorder (COPD).",3,"[ 0.00657864 -0.03402006 -0.01852091 ... -0.00290373  0.0100159
 -0.02335574]","Certain immigrant groups and communities of color do not have a greater incidence of kidney disease, diabetes, and chronic obstructive pulmonary disorder (COPD)."
"Climate change can also increase the frequency and severity of some extreme weather events, including heavy rainfalls.",3,"[-0.03585338 -0.00248882 -0.02029301 ... -0.00089858 -0.00204065
  0.00475954]","Climate change cannot increase the frequency and severity of some extreme weather events, including heavy rainfalls."
"Exposure to extreme or prolonged heat can cause exhaustion, heat stroke, kidney and heart disease, and pregnancy complications.,10 In fact, extreme heat is already the leading cause of weather-related deaths in the United States.",3,"[-0.01210351 -0.02354464  0.00396526 ...  0.0098454  -0.00388396
 -0.01627049]","Exposure to extreme or prolonged heat cannot cause exhaustion, heat stroke, kidney and heart disease, and pregnancy complications.,10 In fact, extreme heat is not the leading cause of weather-related deaths in the United States."
"For example, scientists predict that some areas, such as the Bering Sea, will see more kinds of fish as warming waters drive populations north.",3,"[ 0.00268385 -0.02896066 -0.01395665 ...  0.00692961  0.00368402
  0.01919344]","Scientists predict that some areas, such as the Bering Sea, will not see more kinds of fish as warming waters drive populations north."
"For example, many government agencies already use the national public warning systemExit EPA’s website to communicate extreme weather threats.",3,"[-0.0325513  -0.0107541  -0.01191012 ...  0.0008423   0.0238963
 -0.00364301]","For example, many government agencies don't already use the national public warning systemExit EPA’s website to communicate extreme weather threats."
"These impacts are especially likely to happen in low-lying areas such as Louisiana, Florida, and portions of California and the mid-Atlantic. As much of the U.S. water infrastructure nears the end of its planned life, climate change impacts, such as more extreme weather events, will further strain its ability to operate well.",3,"[-0.04138213 -0.01350701  0.00285548 ...  0.02418468 -0.01547524
 -0.00541264]","These impacts are not especially likely to happen in low-lying areas such as Louisiana, Florida, and portions of California and the mid-Atlantic. As much of the U.S. water infrastructure nears the end of its planned life, climate change impacts, such as more extreme weather events, will not further strain its ability to operate well."
"Sea level rise, melting sea ice, and thawing permafrost are all expected to damage oil and gas infrastructure in Alaska, affecting energy production. Nuclear energy impacts.",3,"[-0.03750172 -0.01813608 -0.00262613 ...  0.0326544   0.01586611
  0.0222031 ]","Sea level rise, melting sea ice, and thawing permafrost are not expected to damage oil and gas infrastructure in Alaska, affecting energy production. Nuclear energy impacts."
"Different greenhouse gases can remain in the atmosphere for different amounts of time, ranging from a few years to thousands of years.",3,"[-0.03339285 -0.01712541 -0.01219212 ... -0.00894089  0.02323276
  0.00934729]","Different greenhouse gases cannot remain in the atmosphere for different amounts of time, ranging from a few years to thousands of years."
"Climate change impacts to coastal communities affect not only human health, but also properties, infrastructure, and services. More than $1 trillion worth of property is located within 700 feet of the coast.",3,"[-0.02189418 -0.02543811 -0.00272258 ...  0.00676626  0.00555867
  0.00551138]","Climate change impacts to coastal communities do not affect only human health, but also properties, infrastructure, and services. More than $1 trillion worth of property is not located within 700 feet of the coast."
"Even without the impacts of climate change, the United States’ water supply has begun to diminish.",3,"[ 0.03049766 -0.02663925  0.00319994 ...  0.02006608 -0.01133843
  0.02282704]","Even without the impacts of climate change, the United States’ water supply has not begun to diminish."
"Mold, dust mites, bacteria, and other indoor pollutants may increase as climate change-related precipitation and storms increase.",3,"[-0.04106208 -0.00982161 -0.01550001 ... -0.00366846 -0.00089785
  0.02616629]","Mold, dust mites, bacteria, and other indoor pollutants may not increase as climate change-related precipitation and storms increase."
"Sea level rise, melting sea ice, and thawing permafrost are all expected to damage oil and gas infrastructure in Alaska, affecting energy production.",3,"[-0.03643711 -0.00822864 -0.0037946  ...  0.02078755  0.00369924
  0.03179272]","Sea level rise, melting sea ice, and thawing permafrost are not expected to damage oil and gas infrastructure in Alaska, affecting energy production."
"As a result, thousands of sea lion pups starved.",3,"[-0.02406631 -0.02923835 -0.00687276 ... -0.00610394  0.01312814
  0.01853316]","As a result, thousands of sea lion pups did not starve."
Engineers are developing solutions to help bolster system resilience.,3,"[-0.0233104   0.01174148 -0.01992208 ... -0.00721587 -0.00306478
  0.00341185]",Engineers are not developing solutions to help bolster system resilience.
"Climate change impacts affect the livelihoods of millions of Americans, including fishers, loggers, ranchers, and farmers.",3,"[-0.00499142 -0.00772166 -0.00835912 ...  0.00268965  0.00693987
  0.01306188]","Climate change impacts do not affect the livelihoods of millions of Americans, including fishers, loggers, ranchers, and farmers."
These changes could increase pesticide exposures for agricultural workers.,3,"[-0.04770036 -0.01034715 -0.00787677 ...  0.00159977  0.01034068
 -0.0042585 ]",These changes could not increase pesticide exposures for agricultural workers.
Agricultural workers face several climate-related health risks.,3,"[-0.01750818 -0.048051   -0.00137812 ... -0.01582776 -0.00221407
 -0.00743133]",Agricultural workers do not face several climate-related health risks.
"Increases in average and extreme temperatures and heat waves are expected to lead to more heat illnessesExit EPA’s website and deaths among vulnerable groups, including certain socially vulnerable groups.",3,"[-0.05332332 -0.01593429 -0.00094307 ...  0.00533301  0.01271745
  0.00873728]","Increases in average and extreme temperatures and heat waves are not expected to lead to more heat illnesses and deaths among vulnerable groups, including certain socially vulnerable groups."
About 80% of the ground in Alaska has permafrost underneath it.,3,"[-0.02382345 -0.02276365 -0.00830177 ...  0.00648024  0.00607178
  0.04025036]",About 80% of the ground in Alaska does not have permafrost underneath it.
"When a tree came in contact with electrical distribution lines, it sparked the largest wildfire in California’s history, the 2021 Dixie Fire.",3,"[ 0.01755238 -0.00279988  0.00041527 ... -0.003058   -0.00991193
  0.00883085]","When a tree came in contact with electrical distribution lines, it didn't spark the largest wildfire in California’s history, the 2021 Dixie Fire."
"They also breathe at a faster rate, increasing their exposure to dangerous air pollutants. Children tend to spend more time outdoors than adults, increasing their exposure to heat and cold, rain and snow, outdoor allergens, and insect bites. Children drink more water than adults per pound of body weight.",3,"[-0.0138638  -0.02861115 -0.00184017 ...  0.01248652  0.0196458
 -0.01647545]","They do not breathe at a faster rate, decreasing their exposure to dangerous air pollutants. Children do not tend to spend more time outdoors than adults, decreasing their exposure to heat and cold, rain and snow, outdoor allergens, and insect bites. Children do not drink more water than adults per pound of body weight."
"They also recover in a few days to a week. Trauma from extreme weather events can cause psychological stress, worsen mental illnesses, and add emotional stress for pregnant and postpartum women.",3,"[-0.0001966  -0.03981008 -0.00746918 ...  0.01680246  0.00785221
  0.01283805]","They do not recover in a few days to a week. Trauma from extreme weather events cannot cause psychological stress, worsen mental illnesses, or add emotional stress for pregnant and postpartum women."
